i_trial,n_agents,t,failed_count,converged,objective_val,N,dt,radius,centralized,t_solve,dist_to_goal
0,3,2.9,0,TRUE,4936.501,10,0.1,0.4,TRUE,7.0949004,[0.027 0.079 0.098]
0,3,3,0,TRUE,5116.848,10,0.1,0.4,FALSE,6.5536987,[0.024 0.074 0.097]
1,3,3.3,0,TRUE,7888.006,10,0.1,0.4,TRUE,9.3090146,[0.093 0.051 0.04 ]
1,3,3.3,0,TRUE,7918.348,10,0.1,0.4,FALSE,9.9373599,[0.093 0.052 0.041]
2,3,2.7,0,TRUE,3152.969,10,0.1,0.4,TRUE,6.7557213,[0.092 0.082 0.03 ]
2,3,2.7,0,TRUE,3171.504,10,0.1,0.4,FALSE,5.0347462,[0.092 0.086 0.03 ]
3,3,2.9,0,TRUE,6450.74,10,0.1,0.4,TRUE,9.3776615,[0.081 0.098 0.079]
3,3,3,0,TRUE,6573.075,10,0.1,0.4,FALSE,18.2458969,[0.075 0.096 0.074]
4,3,2.9,0,TRUE,4533.564,10,0.1,0.4,TRUE,6.7832415,[0.076 0.094 0.025]
4,3,2.9,0,TRUE,4569.839,10,0.1,0.4,FALSE,9.450787,[0.076 0.097 0.025]
5,3,2.7,0,TRUE,3323.566,10,0.1,0.4,TRUE,6.7218609,[0.045 0.076 0.094]
5,3,2.7,0,TRUE,3358.284,10,0.1,0.4,FALSE,4.6249086,[0.045 0.078 0.097]
6,3,2.5,0,TRUE,2788.463,10,0.1,0.4,TRUE,5.7081092,[0.096 0.061 0.09 ]
6,3,2.5,0,TRUE,2793.433,10,0.1,0.4,FALSE,9.6711929,[0.096 0.061 0.091]
7,3,2.9,0,TRUE,6875.005,10,0.1,0.4,TRUE,6.479406,[0.085 0.082 0.096]
7,3,3,0,TRUE,7084.013,10,0.1,0.4,FALSE,7.4651632,[0.075 0.079 0.098]
8,3,2.7,0,TRUE,2627.076,10,0.1,0.4,TRUE,5.9806035,[0.097 0.05  0.04 ]
8,3,4.1,0,TRUE,2784.895,10,0.1,0.4,FALSE,21.7819777,[0.094 0.012 0.098]
9,3,3.1,0,TRUE,6414.113,10,0.1,0.4,TRUE,10.1202426,[0.098 0.046 0.059]
9,3,3.1,0,TRUE,6442.235,10,0.1,0.4,FALSE,12.9672548,[0.099 0.046 0.06 ]
10,3,3,0,TRUE,7257.868,10,0.1,0.4,TRUE,6.6972808,[0.049 0.096 0.091]
10,3,3.1,0,TRUE,7435.2,10,0.1,0.4,FALSE,7.5721035,[0.044 0.092 0.088]
11,3,2.8,0,TRUE,4082.139,10,0.1,0.4,TRUE,6.6287134,[0.057 0.093 0.069]
11,3,2.8,0,TRUE,4107.12,10,0.1,0.4,FALSE,7.0450662,[0.057 0.095 0.07 ]
12,3,3,0,TRUE,5611.667,10,0.1,0.4,TRUE,7.0617531,[0.044 0.07  0.092]
12,3,3,0,TRUE,5709.59,10,0.1,0.4,FALSE,5.1686809,[0.044 0.072 0.097]
13,3,2.6,0,TRUE,2543.33,10,0.1,0.4,TRUE,5.9322376,[0.1   0.037 0.066]
13,3,2.7,0,TRUE,2542.06,10,0.1,0.4,FALSE,9.160853,[0.091 0.033 0.061]
14,3,3.1,0,TRUE,8861.205,10,0.1,0.4,TRUE,7.089284,[0.06  0.095 0.086]
14,3,3.2,0,TRUE,9031.923,10,0.1,0.4,FALSE,5.5073213,[0.055 0.092 0.081]
15,3,2.9,0,TRUE,6289.058,10,0.1,0.4,TRUE,6.4916439,[0.097 0.084 0.07 ]
15,3,2.9,0,TRUE,6331.124,10,0.1,0.4,FALSE,5.1288091,[0.097 0.088 0.071]
16,3,2.4,0,TRUE,1850.637,10,0.1,0.4,TRUE,5.4876949,[0.059 0.093 0.068]
16,3,2.4,0,TRUE,1852.78,10,0.1,0.4,FALSE,4.1100424,[0.059 0.093 0.069]
17,3,2.5,0,TRUE,3460.396,10,0.1,0.4,TRUE,5.5138285,[0.095 0.089 0.094]
17,3,2.5,0,TRUE,3482.284,10,0.1,0.4,FALSE,4.2646011,[0.095 0.091 0.097]
18,3,3.1,0,TRUE,6934.932,10,0.1,0.4,TRUE,6.8320398,[0.081 0.027 0.094]
18,3,3.2,0,TRUE,7097.261,10,0.1,0.4,FALSE,6.9519143,[0.073 0.024 0.092]
19,3,2.4,0,TRUE,1696.13,10,0.1,0.4,TRUE,5.3532872,[0.095 0.075 0.031]
19,3,2.4,0,TRUE,1696.454,10,0.1,0.4,FALSE,4.0869573,[0.095 0.075 0.031]
20,3,3,0,TRUE,6874.491,10,0.1,0.4,TRUE,6.9661313,[0.085 0.053 0.095]
20,3,3.1,0,TRUE,7102.185,10,0.1,0.4,FALSE,8.6348384,[0.077 0.052 0.096]
21,3,2.7,0,TRUE,5167.709,10,0.1,0.4,TRUE,6.1501774,[0.099 0.092 0.091]
21,3,2.7,0,TRUE,5220.386,10,0.1,0.4,FALSE,6.5800807,[0.099 0.097 0.093]
22,3,2.4,0,TRUE,1999.816,10,0.1,0.4,TRUE,5.823153,[0.092 0.052 0.083]
22,3,2.4,0,TRUE,2000.351,10,0.1,0.4,FALSE,4.9419899,[0.092 0.052 0.084]
23,3,2.9,0,TRUE,5224.529,10,0.1,0.4,TRUE,7.0398286,[0.08  0.097 0.048]
23,3,3,0,TRUE,5339.265,10,0.1,0.4,FALSE,7.3036164,[0.073 0.093 0.044]
24,3,3.4,0,TRUE,11303.367,10,0.1,0.4,TRUE,7.9773199,[0.096 0.072 0.029]
24,3,3.4,0,TRUE,11464.657,10,0.1,0.4,FALSE,7.26312,[0.096 0.078 0.029]
25,3,2.5,0,TRUE,1622.479,10,0.1,0.4,TRUE,6.1667827,[0.053 0.03  0.091]
25,3,2.6,0,TRUE,1637.937,10,0.1,0.4,FALSE,22.0677665,[0.097 0.023 0.098]
26,3,3.1,0,TRUE,6023.756,10,0.1,0.4,TRUE,7.4641206,[0.066 0.034 0.091]
26,3,3.2,0,TRUE,6248.968,10,0.1,0.4,FALSE,8.045568,[0.06  0.032 0.091]
27,3,2.7,0,TRUE,3302.046,10,0.1,0.4,TRUE,5.986395,[0.03  0.084 0.092]
27,3,2.7,0,TRUE,3367.5,10,0.1,0.4,FALSE,5.5172924,[0.03  0.087 0.097]
28,3,3,0,TRUE,4264.711,10,0.1,0.4,TRUE,7.6155383,[0.091 0.059 0.015]
28,3,3,0,TRUE,4273.178,10,0.1,0.4,FALSE,7.4162972,[0.091 0.06  0.015]
29,3,2.7,0,TRUE,4625.798,10,0.1,0.4,TRUE,7.4400736,[0.084 0.093 0.087]
29,3,2.7,0,TRUE,4646.069,10,0.1,0.4,FALSE,8.4353838,[0.084 0.095 0.089]
0,4,3.1,0,TRUE,9993.425,10,0.1,0.4,TRUE,14.5973039,[0.088 0.092 0.067 0.05 ]
0,4,3.1,0,TRUE,10120.924,10,0.1,0.4,FALSE,12.5106872,[0.09  0.094 0.07  0.051]
1,4,2.8,0,TRUE,5535.716,10,0.1,0.4,TRUE,13.2335255,[0.095 0.073 0.048 0.08 ]
1,4,5,50,FALSE,None,10,0.1,0.4,FALSE,None,[0.01  0.008 0.882 1.578]
2,4,2.9,0,TRUE,5618.038,10,0.1,0.4,TRUE,13.0309042,[0.092 0.054 0.087 0.024]
2,4,2.9,0,TRUE,5670.622,10,0.1,0.4,FALSE,14.6476816,[0.092 0.055 0.09  0.024]
3,4,3.1,0,TRUE,6960.755,10,0.1,0.4,TRUE,15.3785227,[0.094 0.048 0.067 0.026]
3,4,3.1,0,TRUE,7075.161,10,0.1,0.4,FALSE,19.4369264,[0.098 0.053 0.071 0.026]
4,4,2.9,0,TRUE,6993.407,10,0.1,0.4,TRUE,15.6218853,[0.061 0.084 0.064 0.092]
4,4,3.1,0,TRUE,7273.676,10,0.1,0.4,FALSE,23.68269,[0.05  0.073 0.054 0.091]
5,4,3.2,0,TRUE,9952.21,10,0.1,0.4,TRUE,14.9958795,[0.093 0.075 0.033 0.063]
5,4,3.2,0,TRUE,10060.123,10,0.1,0.4,FALSE,12.7708913,[0.093 0.08  0.034 0.064]
6,4,2.6,0,TRUE,3723.33,10,0.1,0.4,TRUE,13.1757356,[0.059 0.084 0.094 0.058]
6,4,2.6,0,TRUE,3777.992,10,0.1,0.4,FALSE,13.1179621,[0.06  0.085 0.099 0.059]
7,4,3.2,0,TRUE,10768.781,10,0.1,0.4,TRUE,16.0126453,[0.066 0.056 0.093 0.061]
7,4,3.3,0,TRUE,11165.274,10,0.1,0.4,FALSE,19.2804557,[0.061 0.053 0.094 0.059]
8,4,2.9,0,TRUE,5212.163,10,0.1,0.4,TRUE,14.2692682,[0.05  0.078 0.021 0.091]
8,4,3.1,0,TRUE,5436.746,10,0.1,0.4,FALSE,21.2300616,[0.041 0.067 0.05  0.099]
9,4,3.1,0,TRUE,8360.566,10,0.1,0.4,TRUE,15.7973163,[0.028 0.074 0.096 0.056]
9,4,3.2,0,TRUE,8585.975,10,0.1,0.4,FALSE,12.1042491,[0.026 0.07  0.094 0.052]
10,4,2.8,0,TRUE,4690.346,10,0.1,0.4,TRUE,13.6815555,[0.081 0.05  0.03  0.098]
10,4,2.9,0,TRUE,4738.623,10,0.1,0.4,FALSE,7.2453152,[0.073 0.045 0.027 0.093]
11,4,2.8,0,TRUE,5711.409,10,0.1,0.4,TRUE,17.7939854,[0.096 0.066 0.092 0.031]
11,4,2.9,0,TRUE,5731.902,10,0.1,0.4,FALSE,10.8295421,[0.091 0.061 0.087 0.028]
12,4,2.9,0,TRUE,7035.037,10,0.1,0.4,TRUE,13.0897979,[0.028 0.071 0.091 0.097]
12,4,3,0,TRUE,7151.419,10,0.1,0.4,FALSE,15.1184953,[0.026 0.067 0.084 0.092]
13,4,3,0,TRUE,7007.758,10,0.1,0.4,TRUE,12.8655422,[0.046 0.075 0.041 0.099]
13,4,3.1,0,TRUE,7183.056,10,0.1,0.4,FALSE,11.1125838,[0.041 0.07  0.037 0.097]
14,4,3.2,0,TRUE,9522.944,10,0.1,0.4,TRUE,14.3684517,[0.044 0.074 0.038 0.093]
14,4,5,42,FALSE,None,10,0.1,0.4,FALSE,None,[1.442 1.64  2.011 1.776]
15,4,2.7,0,TRUE,3543.047,10,0.1,0.4,TRUE,13.1895142,[0.052 0.039 0.091 0.072]
15,4,2.7,0,TRUE,3556.893,10,0.1,0.4,FALSE,23.1512404,[0.052 0.039 0.091 0.074]
16,4,2.7,0,TRUE,4288.614,10,0.1,0.4,TRUE,12.6765904,[0.061 0.058 0.091 0.078]
16,4,2.7,0,TRUE,4392.996,10,0.1,0.4,FALSE,11.9193345,[0.061 0.06  0.098 0.08 ]
17,4,2.9,0,TRUE,6171.321,10,0.1,0.4,TRUE,13.9352898,[0.043 0.056 0.083 0.093]
17,4,2.9,0,TRUE,6247.657,10,0.1,0.4,FALSE,17.3711869,[0.044 0.057 0.085 0.098]
18,4,3.1,0,TRUE,7671.029,10,0.1,0.4,TRUE,13.741327,[0.094 0.06  0.048 0.058]
18,4,3.1,0,TRUE,7699.35,10,0.1,0.4,FALSE,12.3435922,[0.094 0.062 0.048 0.059]
19,4,2.4,0,TRUE,3542.374,10,0.1,0.4,TRUE,11.5790241,[0.092 0.076 0.092 0.098]
19,4,2.5,0,TRUE,3545.562,10,0.1,0.4,FALSE,16.2949164,[0.084 0.069 0.084 0.091]
20,4,2.7,0,TRUE,5243.515,10,0.1,0.4,TRUE,12.4472675,[0.056 0.089 0.072 0.099]
20,4,2.8,0,TRUE,5305.531,10,0.1,0.4,FALSE,18.6789434,[0.051 0.084 0.067 0.093]
21,4,2.6,0,TRUE,3921.352,10,0.1,0.4,TRUE,11.6412986,[0.098 0.078 0.07  0.058]
21,4,2.6,0,TRUE,3925.581,10,0.1,0.4,FALSE,9.7039245,[0.098 0.079 0.071 0.058]
22,4,2.6,0,TRUE,2776.602,10,0.1,0.4,TRUE,12.7088731,[0.092 0.07  0.026 0.053]
22,4,2.6,0,TRUE,2798.868,10,0.1,0.4,FALSE,17.6540714,[0.092 0.081 0.026 0.046]
23,4,2.9,0,TRUE,6217.845,10,0.1,0.4,TRUE,14.3155819,[0.02  0.098 0.031 0.099]
23,4,5,46,FALSE,None,10,0.1,0.4,FALSE,None,[0.002 0.013 1.328 1.479]
24,4,2.9,0,TRUE,5779.155,10,0.1,0.4,TRUE,14.3636138,[0.06  0.067 0.093 0.051]
24,4,2.9,0,TRUE,5826.434,10,0.1,0.4,FALSE,9.8824641,[0.06  0.069 0.095 0.052]
25,4,3,0,TRUE,9237.068,10,0.1,0.4,TRUE,13.7039819,[0.091 0.054 0.081 0.092]
25,4,3.1,0,TRUE,9487.703,10,0.1,0.4,FALSE,18.139806,[0.082 0.053 0.077 0.092]
26,4,3.1,0,TRUE,8425.682,10,0.1,0.4,TRUE,14.4683783,[0.099 0.052 0.074 0.037]
26,4,3.1,0,TRUE,8541.983,10,0.1,0.4,FALSE,18.8775119,[0.099 0.056 0.08  0.037]
27,4,2.9,0,TRUE,4800.911,10,0.1,0.4,TRUE,12.4392077,[0.097 0.028 0.052 0.063]
27,4,3,0,TRUE,4828.824,10,0.1,0.4,FALSE,12.3268947,[0.095 0.025 0.048 0.052]
28,4,3,0,TRUE,6972.992,10,0.1,0.4,TRUE,14.933301,[0.099 0.028 0.079 0.055]
28,4,3,0,TRUE,7071.369,10,0.1,0.4,FALSE,17.6686576,[0.099 0.03  0.084 0.057]
29,4,2.9,0,TRUE,6230.185,10,0.1,0.4,TRUE,14.1848675,[0.02  0.082 0.094 0.07 ]
29,4,2.9,0,TRUE,6308.193,10,0.1,0.4,FALSE,15.7303576,[0.02  0.083 0.099 0.071]
0,5,0,1,FALSE,None,10,0.1,0.25,TRUE,None,
0,5,5,45,FALSE,None,10,0.1,0.25,FALSE,None,[0.003 1.625 1.557 1.414 1.329]
1,5,3.1,0,TRUE,11879.037,10,0.1,0.25,TRUE,16.2116648,[0.087 0.032 0.095 0.07  0.069]
1,5,3.2,0,TRUE,12285.798,10,0.1,0.25,FALSE,18.381006,[0.079 0.041 0.095 0.068 0.066]
2,5,3.1,0,TRUE,8426.072,10,0.1,0.25,TRUE,15.5998727,[0.096 0.063 0.064 0.048 0.013]
2,5,3.1,0,TRUE,8492.273,10,0.1,0.25,FALSE,17.8416389,[0.096 0.063 0.069 0.049 0.013]
3,5,0,1,FALSE,None,10,0.1,0.25,TRUE,None,
3,5,2.8,0,TRUE,5341.783,10,0.1,0.25,FALSE,10.2167768,[0.091 0.074 0.038 0.081 0.032]
4,5,0,1,FALSE,None,10,0.1,0.25,TRUE,None,
4,5,3.1,0,TRUE,9760.789,10,0.1,0.25,FALSE,15.856778,[0.078 0.043 0.052 0.096 0.063]
5,5,2.8,0,TRUE,5395.78,10,0.1,0.25,TRUE,14.2992679,[0.085 0.063 0.094 0.031 0.036]
5,5,2.8,0,TRUE,5404.813,10,0.1,0.25,FALSE,11.0029453,[0.085 0.063 0.096 0.031 0.036]
6,5,3.1,0,TRUE,9513.209,10,0.1,0.25,TRUE,17.5260097,[0.058 0.027 0.085 0.042 0.091]
6,5,3.1,0,TRUE,9804.921,10,0.1,0.25,FALSE,13.162387,[0.058 0.027 0.092 0.046 0.098]
7,5,3,0,TRUE,7858.506,10,0.1,0.25,TRUE,15.350298,[0.05  0.039 0.098 0.087 0.021]
7,5,3.1,0,TRUE,8108.788,10,0.1,0.25,FALSE,11.3169069,[0.045 0.042 0.095 0.085 0.019]
8,5,0,1,FALSE,None,10,0.1,0.25,TRUE,None,
8,5,3.1,0,TRUE,11144.197,10,0.1,0.25,FALSE,13.5183622,[0.029 0.068 0.099 0.081 0.074]
9,5,2.8,0,TRUE,7384.671,10,0.1,0.25,TRUE,14.5354317,[0.097 0.053 0.067 0.081 0.088]
9,5,2.8,0,TRUE,7453.466,10,0.1,0.25,FALSE,11.0548521,[0.097 0.054 0.069 0.084 0.091]
10,5,0,1,FALSE,None,10,0.1,0.25,TRUE,None,
10,5,2.8,0,TRUE,6296.844,10,0.1,0.25,FALSE,21.9320873,[0.058 0.032 0.072 0.093 0.096]
11,5,0,1,FALSE,None,10,0.1,0.25,TRUE,None,
11,5,3.2,0,TRUE,10862.154,10,0.1,0.25,FALSE,12.4780154,[0.046 0.031 0.096 0.067 0.07 ]
12,5,0,1,FALSE,None,10,0.1,0.25,TRUE,None,
12,5,5,50,FALSE,None,10,0.1,0.25,FALSE,None,[0.012 0.005 1.798 1.648 1.429]
13,5,2.4,1,FALSE,None,10,0.1,0.25,TRUE,None,
13,5,2.9,0,TRUE,7645.107,10,0.1,0.25,FALSE,15.4243901,[0.072 0.064 0.091 0.058 0.079]
14,5,2.7,0,TRUE,4362.884,10,0.1,0.25,TRUE,13.899991,[0.077 0.033 0.021 0.077 0.092]
14,5,2.7,0,TRUE,4420.339,10,0.1,0.25,FALSE,14.3837792,[0.077 0.033 0.021 0.08  0.097]
15,5,0,1,FALSE,None,10,0.1,0.25,TRUE,None,
15,5,3,0,TRUE,6364.094,10,0.1,0.25,FALSE,10.3732146,[0.096 0.065 0.037 0.041 0.047]
16,5,2.9,0,TRUE,5311.941,10,0.1,0.25,TRUE,16.3736056,[0.05  0.062 0.02  0.093 0.049]
16,5,3,0,TRUE,5426.611,10,0.1,0.25,FALSE,10.7819284,[0.046 0.058 0.018 0.091 0.046]
17,5,0,1,FALSE,None,10,0.1,0.25,TRUE,None,
17,5,3.2,0,TRUE,9585.692,10,0.1,0.25,FALSE,10.0013024,[0.025 0.052 0.064 0.049 0.097]
18,5,0,1,FALSE,None,10,0.1,0.25,TRUE,None,
18,5,3.1,0,TRUE,9888.125,10,0.1,0.25,FALSE,15.5835632,[0.067 0.097 0.043 0.045 0.077]
19,5,2.8,0,TRUE,6134.364,10,0.1,0.25,TRUE,13.998439,[0.02  0.017 0.088 0.087 0.093]
19,5,2.9,0,TRUE,6267.34,10,0.1,0.25,FALSE,13.205466,[0.018 0.015 0.079 0.093 0.087]
20,5,3.2,0,TRUE,12506.295,10,0.1,0.25,TRUE,25.3325107,[0.082 0.04  0.033 0.066 0.093]
20,5,3.2,0,TRUE,12666.452,10,0.1,0.25,FALSE,15.3361619,[0.082 0.045 0.041 0.069 0.098]
21,5,0,1,FALSE,None,10,0.1,0.25,TRUE,None,
21,5,3.1,0,TRUE,8798.433,10,0.1,0.25,FALSE,14.5239725,[0.036 0.074 0.066 0.092 0.038]
22,5,3.1,0,TRUE,8152.644,10,0.1,0.25,TRUE,14.1829073,[0.079 0.011 0.036 0.092 0.051]
22,5,3.2,0,TRUE,8326.478,10,0.1,0.25,FALSE,9.127122,[0.072 0.01  0.034 0.091 0.047]
23,5,3,0,TRUE,9050.495,10,0.1,0.25,TRUE,13.7220992,[0.05  0.064 0.074 0.091 0.066]
23,5,3,0,TRUE,9161.625,10,0.1,0.25,FALSE,9.7175253,[0.05  0.067 0.077 0.094 0.068]
24,5,2.1,0,TRUE,1361.7,10,0.1,0.25,TRUE,10.4083226,[0.086 0.056 0.012 0.052 0.094]
24,5,2.1,0,TRUE,1362.793,10,0.1,0.25,FALSE,5.9680116,[0.086 0.056 0.012 0.052 0.095]
25,5,2.1,1,FALSE,None,10,0.1,0.25,TRUE,None,
25,5,5,50,FALSE,None,10,0.1,0.25,FALSE,None,[0.008 1.46  1.832 1.423 1.256]
26,5,2.8,0,TRUE,7622.799,10,0.1,0.25,TRUE,14.913735,[0.091 0.084 0.04  0.097 0.072]
26,5,2.8,0,TRUE,7646.241,10,0.1,0.25,FALSE,9.3081352,[0.091 0.085 0.04  0.098 0.075]
27,5,3.1,0,TRUE,7709.112,10,0.1,0.25,TRUE,19.8411809,[0.056 0.029 0.038 0.056 0.093]
27,5,3.1,0,TRUE,7822.826,10,0.1,0.25,FALSE,10.4282214,[0.057 0.029 0.037 0.058 0.099]
28,5,2.7,0,TRUE,5329.131,10,0.1,0.25,TRUE,12.6739712,[0.1   0.05  0.076 0.041 0.084]
28,5,2.7,0,TRUE,5355.103,10,0.1,0.25,FALSE,9.1821844,[0.1   0.051 0.077 0.041 0.088]
29,5,2.7,0,TRUE,5221.857,10,0.1,0.25,TRUE,17.7513595,[0.041 0.085 0.053 0.039 0.099]
29,5,2.8,0,TRUE,5262.224,10,0.1,0.25,FALSE,16.2352019,[0.037 0.083 0.066 0.036 0.093]
0,6,0,1,FALSE,None,10,0.1,0.25,TRUE,None,
0,6,2.7,0,TRUE,6508.793,10,0.1,0.25,FALSE,25.3178645,[0.024 0.091 0.072 0.084 0.075 0.084]
1,6,0,1,FALSE,None,10,0.1,0.25,TRUE,None,
1,6,2.4,0,TRUE,2786.255,10,0.1,0.25,FALSE,22.1466876,[0.031 0.091 0.074 0.07  0.052 0.054]
2,6,0,1,FALSE,None,10,0.1,0.25,TRUE,None,
2,6,2.9,0,TRUE,6669.402,10,0.1,0.25,FALSE,31.6029615,[0.045 0.069 0.008 0.071 0.055 0.092]
3,6,0,1,FALSE,None,10,0.1,0.25,TRUE,None,
3,6,2.9,0,TRUE,8045.921,10,0.1,0.25,FALSE,21.4030379,[0.074 0.081 0.069 0.026 0.093 0.055]
4,6,0,1,FALSE,None,10,0.1,0.25,TRUE,None,
4,6,5,39,FALSE,None,10,0.1,0.25,FALSE,None,[0.007 0.006 0.004 1.447 1.817 1.646]
5,6,0,1,FALSE,None,10,0.1,0.25,TRUE,None,
5,6,2.6,0,TRUE,4124.505,10,0.1,0.25,FALSE,14.8885858,[0.091 0.057 0.065 0.065 0.038 0.064]
6,6,0,1,FALSE,None,10,0.1,0.25,TRUE,None,
6,6,3.1,0,TRUE,9458.215,10,0.1,0.25,FALSE,16.5307508,[0.059 0.093 0.043 0.037 0.04  0.08 ]
7,6,0,1,FALSE,None,10,0.1,0.25,TRUE,None,
7,6,2.4,0,TRUE,4395.654,10,0.1,0.25,FALSE,11.2170657,[0.04  0.092 0.095 0.091 0.07  0.089]
8,6,0,1,FALSE,None,10,0.1,0.25,TRUE,None,
8,6,2.7,0,TRUE,4450.172,10,0.1,0.25,FALSE,20.1143133,[0.028 0.06  0.076 0.095 0.002 0.063]
9,6,0,1,FALSE,None,10,0.1,0.25,TRUE,None,
9,6,5,50,FALSE,None,10,0.1,0.25,FALSE,None,[1.528 1.341 1.2   1.636 1.512 1.426]
10,6,0,1,FALSE,None,10,0.1,0.25,TRUE,None,
10,6,5,50,FALSE,None,10,0.1,0.25,FALSE,None,[0.006 1.426 1.243 1.281 1.611 1.506]
11,6,0,1,FALSE,None,10,0.1,0.25,TRUE,None,
11,6,2.7,0,TRUE,5459.165,10,0.1,0.25,FALSE,28.5925755,[0.075 0.024 0.045 0.096 0.077 0.079]
12,6,0,1,FALSE,None,10,0.1,0.25,TRUE,None,
12,6,5,50,FALSE,None,10,0.1,0.25,FALSE,None,[1.358 1.427 1.778 1.429 1.316 1.299]
13,6,0,1,FALSE,None,10,0.1,0.25,TRUE,None,
13,6,2.6,0,TRUE,5696.66,10,0.1,0.25,FALSE,12.6765505,[0.07  0.057 0.079 0.06  0.085 0.1  ]
14,6,0,1,FALSE,None,10,0.1,0.25,TRUE,None,
14,6,3,0,TRUE,8554.056,10,0.1,0.25,FALSE,17.5560363,[0.056 0.091 0.093 0.036 0.059 0.011]
15,6,0,1,FALSE,None,10,0.1,0.25,TRUE,None,
15,6,2.7,0,TRUE,4880.388,10,0.1,0.25,FALSE,26.3703107,[0.053 0.051 0.097 0.058 0.054 0.066]
16,6,0,1,FALSE,None,10,0.1,0.25,TRUE,None,
16,6,5,40,FALSE,None,10,0.1,0.25,FALSE,None,[1.538 1.298 1.49  1.766 1.73  1.415]
17,6,0,1,FALSE,None,10,0.1,0.25,TRUE,None,
17,6,5,50,FALSE,None,10,0.1,0.25,FALSE,None,[1.708 1.519 1.582 1.315 1.209 1.634]
18,6,0,1,FALSE,None,10,0.1,0.25,TRUE,None,
18,6,2.9,0,TRUE,9818.527,10,0.1,0.25,FALSE,36.7037345,[0.072 0.099 0.087 0.091 0.055 0.031]
19,6,0,1,FALSE,None,10,0.1,0.25,TRUE,None,
19,6,3,0,TRUE,6635.729,10,0.1,0.25,FALSE,36.7714686,[0.061 0.096 0.037 0.033 0.03  0.053]
20,6,0,1,FALSE,None,10,0.1,0.25,TRUE,None,
20,6,3,0,TRUE,8515.377,10,0.1,0.25,FALSE,21.789074,[0.049 0.054 0.036 0.097 0.068 0.057]
21,6,0,1,FALSE,None,10,0.1,0.25,TRUE,None,
21,6,5,50,FALSE,None,10,0.1,0.25,FALSE,None,[1.394 1.752 1.645 1.621 0.959 1.484]
22,6,0,1,FALSE,None,10,0.1,0.25,TRUE,None,
22,6,2.5,0,TRUE,4656.302,10,0.1,0.25,FALSE,26.1521497,[0.075 0.079 0.098 0.061 0.072 0.074]
23,6,0,1,FALSE,None,10,0.1,0.25,TRUE,None,
23,6,3.2,0,TRUE,11897.152,10,0.1,0.25,FALSE,22.4564546,[0.046 0.099 0.033 0.064 0.06  0.053]
24,6,0,1,FALSE,None,10,0.1,0.25,TRUE,None,
24,6,3.1,0,TRUE,7879.429,10,0.1,0.25,FALSE,15.088353,[0.057 0.037 0.042 0.095 0.052 0.03 ]
25,6,0,1,FALSE,None,10,0.1,0.25,TRUE,None,
25,6,2.9,0,TRUE,8529.603,10,0.1,0.25,FALSE,17.1348161,[0.096 0.034 0.081 0.062 0.07  0.069]
26,6,0,1,FALSE,None,10,0.1,0.25,TRUE,None,
26,6,2.9,0,TRUE,7041.786,10,0.1,0.25,FALSE,24.4053612,[0.091 0.058 0.054 0.081 0.053 0.031]
27,6,0,1,FALSE,None,10,0.1,0.25,TRUE,None,
27,6,2.8,0,TRUE,7366.713,10,0.1,0.25,FALSE,15.7906044,[0.051 0.099 0.086 0.045 0.015 0.099]
28,6,0,1,FALSE,None,10,0.1,0.25,TRUE,None,
28,6,2.8,0,TRUE,4972.924,10,0.1,0.25,FALSE,23.9706317,[0.054 0.042 0.096 0.064 0.063 0.084]
29,6,0,1,FALSE,None,10,0.1,0.25,TRUE,None,
29,6,3.2,0,TRUE,8150.515,10,0.1,0.25,FALSE,18.0764189,[0.035 0.052 0.098 0.042 0.036 0.024]
0,7,0,1,FALSE,None,10,0.1,0.25,TRUE,None,
0,7,3,0,TRUE,11411.764,10,0.1,0.25,FALSE,21.2314219,[0.048 0.015 0.079 0.1   0.046 0.079 0.082]
1,7,0,1,FALSE,None,10,0.1,0.25,TRUE,None,
1,7,2.8,0,TRUE,7703.73,10,0.1,0.25,FALSE,14.7648942,[0.072 0.07  0.06  0.054 0.093 0.05  0.069]
2,7,3.1,0,TRUE,14017.189,10,0.1,0.25,TRUE,40.3386389,[0.059 0.051 0.061 0.093 0.016 0.091 0.025]
2,7,5,46,FALSE,None,10,0.1,0.25,FALSE,None,[0.011 0.009 1.313 1.359 1.553 1.819 1.93 ]
3,7,0,1,FALSE,None,10,0.1,0.25,TRUE,None,
3,7,3.2,0,TRUE,15264.134,10,0.1,0.25,FALSE,32.8790991,[0.06  0.022 0.03  0.085 0.099 0.07  0.061]
4,7,2.8,0,TRUE,8738.648,10,0.1,0.25,TRUE,22.5540543,[0.086 0.071 0.083 0.076 0.092 0.036 0.035]
4,7,2.8,0,TRUE,9026.314,10,0.1,0.25,FALSE,17.811965,[0.093 0.071 0.087 0.079 0.099 0.037 0.035]
5,7,3.3,0,TRUE,17784.136,10,0.1,0.25,TRUE,27.1867883,[0.047 0.094 0.034 0.095 0.043 0.054 0.03 ]
5,7,5,50,FALSE,None,10,0.1,0.25,FALSE,None,[1.388 1.575 1.47  1.783 1.381 1.589 1.248]
6,7,3.1,0,TRUE,15146.005,10,0.1,0.25,TRUE,31.8679613,[0.039 0.074 0.066 0.095 0.086 0.065 0.051]
6,7,5,42,FALSE,None,10,0.1,0.25,FALSE,None,[0.006 0.861 0.69  1.718 0.642 1.623 1.451]
7,7,3.1,0,TRUE,11845.774,10,0.1,0.25,TRUE,23.0052264,[0.091 0.049 0.007 0.078 0.07  0.061 0.045]
7,7,3.1,0,TRUE,12069.477,10,0.1,0.25,FALSE,38.326302,[0.091 0.049 0.007 0.093 0.066 0.063 0.045]
8,7,2.3,1,FALSE,None,10,0.1,0.25,TRUE,None,
8,7,3.2,0,TRUE,12035.725,10,0.1,0.25,FALSE,18.3114356,[0.052 0.03  0.047 0.07  0.048 0.098 0.042]
9,7,3.1,0,TRUE,11720.856,10,0.1,0.25,TRUE,31.457426,[0.098 0.044 0.056 0.045 0.07  0.042 0.063]
9,7,5,41,FALSE,None,10,0.1,0.25,FALSE,None,[1.554 0.838 1.231 1.476 1.477 1.511 1.653]
10,7,2.8,0,TRUE,8414.876,10,0.1,0.25,TRUE,22.0881001,[0.093 0.064 0.087 0.092 0.031 0.056 0.044]
10,7,2.8,0,TRUE,8533.266,10,0.1,0.25,FALSE,24.6701975,[0.093 0.065 0.096 0.096 0.031 0.057 0.039]
11,7,0,1,FALSE,None,10,0.1,0.25,TRUE,None,
11,7,3.1,0,TRUE,10033.991,10,0.1,0.25,FALSE,33.8648306,[0.03  0.055 0.042 0.079 0.057 0.035 0.091]
12,7,3.1,0,TRUE,16640.435,10,0.1,0.25,TRUE,30.2854219,[0.06  0.08  0.093 0.078 0.069 0.077 0.046]
12,7,3.1,0,TRUE,17108.794,10,0.1,0.25,FALSE,21.8305115,[0.059 0.087 0.099 0.083 0.073 0.081 0.048]
13,7,3,0,TRUE,12977.318,10,0.1,0.25,TRUE,30.1472699,[0.097 0.092 0.07  0.091 0.037 0.052 0.053]
13,7,5,50,FALSE,None,10,0.1,0.25,FALSE,None,[0.013 0.012 0.012 0.903 1.584 1.425 1.806]
14,7,3,0,TRUE,11919.675,10,0.1,0.25,TRUE,50.2138626,[0.039 0.077 0.063 0.056 0.053 0.094 0.061]
14,7,3.2,0,TRUE,12111.28,10,0.1,0.25,FALSE,57.3535516,[0.024 0.077 0.041 0.058 0.099 0.082 0.051]
15,7,2.9,0,TRUE,13318.964,10,0.1,0.25,TRUE,22.4417852,[0.095 0.092 0.093 0.057 0.076 0.082 0.056]
15,7,3,0,TRUE,13715.171,10,0.1,0.25,FALSE,24.4526774,[0.092 0.092 0.09  0.052 0.074 0.078 0.053]
16,7,3.2,0,TRUE,16420.479,10,0.1,0.25,TRUE,25.6547524,[0.075 0.05  0.047 0.097 0.053 0.079 0.041]
16,7,3.3,0,TRUE,16820.744,10,0.1,0.25,FALSE,18.9922557,[0.068 0.047 0.044 0.095 0.05  0.077 0.038]
17,7,0,1,FALSE,None,10,0.1,0.25,TRUE,None,
17,7,5,45,FALSE,None,10,0.1,0.25,FALSE,None,[1.404 1.474 1.456 2.265 1.471 1.462 0.515]
18,7,3.3,0,TRUE,19856.633,10,0.1,0.25,TRUE,36.5755234,[0.042 0.078 0.092 0.046 0.042 0.042 0.089]
18,7,5,44,FALSE,None,10,0.1,0.25,FALSE,None,[0.008 1.731 1.179 1.275 1.743 1.615 1.615]
19,7,3,0,TRUE,12189.872,10,0.1,0.25,TRUE,32.7837192,[0.09  0.036 0.087 0.061 0.084 0.04  0.055]
19,7,5,50,FALSE,None,10,0.1,0.25,FALSE,None,[0.013 0.005 1.801 0.889 1.434 1.566 1.591]
20,7,0,1,FALSE,None,10,0.1,0.25,TRUE,None,
20,7,3.1,0,TRUE,9635.427,10,0.1,0.25,FALSE,23.3400361,[0.041 0.05  0.041 0.041 0.063 0.046 0.096]
21,7,0,1,FALSE,None,10,0.1,0.25,TRUE,None,
21,7,3.5,0,TRUE,20505.398,10,0.1,0.25,FALSE,87.0850629,[0.04  0.029 0.098 0.08  0.064 0.044 0.06 ]
22,7,0,1,FALSE,None,10,0.1,0.25,TRUE,None,
22,7,3.2,0,TRUE,12230.352,10,0.1,0.25,FALSE,22.7976119,[0.041 0.091 0.014 0.043 0.04  0.064 0.084]
23,7,2.3,1,FALSE,None,10,0.1,0.25,TRUE,None,
23,7,2.9,0,TRUE,8337.179,10,0.1,0.25,FALSE,25.310789,[0.027 0.064 0.064 0.068 0.054 0.099 0.054]
24,7,2.9,1,FALSE,None,10,0.1,0.25,TRUE,None,
24,7,3.2,0,TRUE,13973.116,10,0.1,0.25,FALSE,31.5373948,[0.039 0.06  0.069 0.036 0.074 0.05  0.097]
25,7,0,1,FALSE,None,10,0.1,0.25,TRUE,None,
25,7,3.5,0,TRUE,22743.502,10,0.1,0.25,FALSE,25.8596076,[0.059 0.075 0.061 0.028 0.041 0.049 0.093]
26,7,3,0,TRUE,9010.929,10,0.1,0.25,TRUE,31.0878759,[0.095 0.062 0.046 0.02  0.097 0.058 0.037]
26,7,3.1,0,TRUE,9259.854,10,0.1,0.25,FALSE,30.7653776,[0.057 0.06  0.028 0.019 0.096 0.053 0.059]
27,7,2.6,1,FALSE,None,10,0.1,0.25,TRUE,None,
27,7,3.1,0,TRUE,15038.99,10,0.1,0.25,FALSE,31.3577849,[0.066 0.057 0.063 0.051 0.095 0.079 0.087]
28,7,3,0,TRUE,8653.044,10,0.1,0.25,TRUE,27.6201757,[0.094 0.021 0.037 0.013 0.06  0.052 0.083]
28,7,5,45,FALSE,None,10,0.1,0.25,FALSE,None,[0.624 0.727 1.583 1.661 1.347 1.268 1.896]
29,7,0,1,FALSE,None,10,0.1,0.25,TRUE,None,
29,7,2.9,0,TRUE,10598.096,10,0.1,0.25,FALSE,25.3421037,[0.081 0.064 0.081 0.048 0.091 0.079 0.058]
0,8,2.4,1,FALSE,None,10,0.1,0.25,TRUE,None,
0,8,3,0,TRUE,9290.709,10,0.1,0.25,FALSE,42.2644998,[0.075 0.062 0.033 0.091 0.027 0.053 0.016 0.067]
1,8,0,1,FALSE,None,10,0.1,0.25,TRUE,None,
1,8,5,50,FALSE,None,10,0.1,0.25,FALSE,None,[0.015 0.011 1.444 1.755 1.781 1.666 1.651 1.482]
2,8,0,1,FALSE,None,10,0.1,0.25,TRUE,None,
2,8,3.1,0,TRUE,14437.447,10,0.1,0.25,FALSE,37.0704209,[0.1   0.039 0.083 0.039 0.043 0.041 0.094 0.055]
3,8,3.5,0,TRUE,17902.69,10,0.1,0.25,TRUE,82.2822654,[0.042 0.045 0.056 0.094 0.019 0.029 0.087 0.05 ]
3,8,5,43,FALSE,None,10,0.1,0.25,FALSE,None,[0.01  0.01  0.008 1.749 1.548 1.484 2.037 1.244]
4,8,0,1,FALSE,None,10,0.1,0.25,TRUE,None,
4,8,5,41,FALSE,None,10,0.1,0.25,FALSE,None,[0.019 0.014 1.342 1.283 1.899 1.665 2.054 1.433]
5,8,3.1,0,TRUE,12123.286,10,0.1,0.25,TRUE,39.1139421,[0.029 0.047 0.048 0.034 0.094 0.039 0.072 0.072]
5,8,3.6,0,TRUE,12502.589,10,0.1,0.25,FALSE,60.6211784,[0.018 0.066 0.029 0.021 0.061 0.066 0.097 0.047]
6,8,3,0,TRUE,14023.02,10,0.1,0.25,TRUE,40.1375648,[0.073 0.069 0.052 0.092 0.082 0.059 0.053 0.067]
6,8,3,0,TRUE,14201.976,10,0.1,0.25,FALSE,21.0241009,[0.073 0.071 0.054 0.095 0.086 0.061 0.054 0.069]
7,8,2.8,0,TRUE,11322.739,10,0.1,0.25,TRUE,65.3087337,[0.091 0.08  0.095 0.043 0.041 0.077 0.074 0.082]
7,8,5,50,FALSE,None,10,0.1,0.25,FALSE,None,[3.139 1.292 1.464 1.469 1.375 1.99  1.433 1.483]
8,8,0,1,FALSE,None,10,0.1,0.25,TRUE,None,
8,8,3.2,0,TRUE,11337.021,10,0.1,0.25,FALSE,30.7324369,[0.042 0.073 0.032 0.091 0.035 0.061 0.023 0.025]
9,8,3,0,TRUE,13811.574,10,0.1,0.25,TRUE,30.1345849,[0.057 0.045 0.077 0.046 0.093 0.066 0.095 0.064]
9,8,3.1,0,TRUE,14246.354,10,0.1,0.25,FALSE,30.0558419,[0.043 0.04  0.073 0.042 0.09  0.061 0.096 0.063]
10,8,0,1,FALSE,None,10,0.1,0.25,TRUE,None,
10,8,5,50,FALSE,None,10,0.1,0.25,FALSE,None,[0.008 0.013 0.015 0.011 1.691 0.979 1.248 1.62 ]
11,8,0,1,FALSE,None,10,0.1,0.25,TRUE,None,
11,8,5,40,FALSE,None,10,0.1,0.25,FALSE,None,[0.012 0.007 1.41  1.814 1.342 1.459 1.366 1.303]
12,8,0,1,FALSE,None,10,0.1,0.25,TRUE,None,
12,8,5,50,FALSE,None,10,0.1,0.25,FALSE,None,[1.516 1.781 1.633 1.712 1.943 1.593 1.514 1.831]
13,8,3.3,0,TRUE,18411.033,10,0.1,0.25,TRUE,60.4011342,[0.062 0.014 0.098 0.035 0.034 0.063 0.076 0.043]
13,8,3.4,0,TRUE,19040.519,10,0.1,0.25,FALSE,47.6859061,[0.055 0.021 0.098 0.037 0.031 0.06  0.076 0.038]
14,8,4.1,0,TRUE,22290.866,10,0.1,0.25,TRUE,107.041597,[0.055 0.032 0.099 0.031 0.007 0.023 0.026 0.029]
14,8,5,45,FALSE,None,10,0.1,0.25,FALSE,None,[0.022 0.008 2.173 1.55  1.125 1.357 1.584 1.504]
15,8,0,1,FALSE,None,10,0.1,0.25,TRUE,None,
15,8,3,0,TRUE,10949.95,10,0.1,0.25,FALSE,31.7649993,[0.052 0.052 0.026 0.074 0.081 0.093 0.059 0.043]
16,8,2.9,0,TRUE,12636.163,10,0.1,0.25,TRUE,52.4872366,[0.056 0.054 0.099 0.041 0.083 0.04  0.078 0.094]
16,8,5,38,FALSE,None,10,0.1,0.25,FALSE,None,[0.008 0.006 0.014 0.005 1.433 1.304 1.53  0.799]
17,8,0,1,FALSE,None,10,0.1,0.25,TRUE,None,
17,8,5,39,FALSE,None,10,0.1,0.25,FALSE,None,[0.009 0.005 0.003 0.016 0.021 1.369 1.523 2.464]
18,8,3.2,0,TRUE,14665.762,10,0.1,0.25,TRUE,56.9777172,[0.045 0.032 0.089 0.048 0.097 0.036 0.069 0.027]
18,8,5,47,FALSE,None,10,0.1,0.25,FALSE,None,[0.008 0.004 1.457 1.954 1.813 1.691 1.486 1.637]
19,8,2.6,1,FALSE,None,10,0.1,0.25,TRUE,None,
19,8,2.9,0,TRUE,10597.359,10,0.1,0.25,FALSE,22.2893325,[0.066 0.058 0.065 0.073 0.067 0.062 0.055 0.091]
20,8,0,1,FALSE,None,10,0.1,0.25,TRUE,None,
20,8,5,50,FALSE,None,10,0.1,0.25,FALSE,None,[0.007 1.635 1.79  1.139 1.758 1.25  1.542 1.919]
21,8,0,1,FALSE,None,10,0.1,0.25,TRUE,None,
21,8,3.3,0,TRUE,12641.541,10,0.1,0.25,FALSE,23.5152375,[0.094 0.042 0.03  0.035 0.026 0.044 0.061 0.04 ]
22,8,2.9,0,TRUE,8103.805,10,0.1,0.25,TRUE,35.1919907,[0.045 0.034 0.029 0.036 0.058 0.099 0.05  0.078]
22,8,3,0,TRUE,8186.387,10,0.1,0.25,FALSE,36.4534096,[0.041 0.031 0.026 0.032 0.053 0.093 0.046 0.074]
23,8,3.2,0,TRUE,16610.292,10,0.1,0.25,TRUE,63.6434583,[0.027 0.063 0.08  0.017 0.1   0.077 0.039 0.034]
23,8,3.4,0,TRUE,17228.956,10,0.1,0.25,FALSE,31.7821657,[0.026 0.05  0.072 0.012 0.099 0.067 0.033 0.018]
24,8,0,1,FALSE,None,10,0.1,0.25,TRUE,None,
24,8,5,50,FALSE,None,10,0.1,0.25,FALSE,None,[0.893 1.562 1.658 1.449 1.231 1.727 1.688 1.747]
25,8,2.9,0,TRUE,12012.663,10,0.1,0.25,TRUE,51.2235827,[0.071 0.039 0.061 0.092 0.069 0.082 0.061 0.078]
25,8,5,23,FALSE,None,10,0.1,0.25,FALSE,None,[1.285 1.786 1.19  2.648 1.452 1.566 1.171 1.485]
26,8,0,1,FALSE,None,10,0.1,0.25,TRUE,None,
26,8,3,0,TRUE,17555.834,10,0.1,0.25,FALSE,24.3137045,[0.091 0.087 0.08  0.099 0.094 0.078 0.053 0.045]
27,8,0,1,FALSE,None,10,0.1,0.25,TRUE,None,
27,8,5,45,FALSE,None,10,0.1,0.25,FALSE,None,[0.009 0.008 0.005 0.011 1.594 1.763 1.659 1.226]
28,8,0,1,FALSE,None,10,0.1,0.25,TRUE,None,
28,8,2.9,0,TRUE,12272.518,10,0.1,0.25,FALSE,39.4133048,[0.053 0.081 0.057 0.061 0.058 0.098 0.097 0.071]
29,8,0,1,FALSE,None,10,0.1,0.25,TRUE,None,
29,8,5,50,FALSE,None,10,0.1,0.25,FALSE,None,[0.008 1.523 1.389 1.491 1.692 2.221 1.553 2.038]
0,9,3.2,0,TRUE,18975.272,10,0.1,0.2,TRUE,114.2309306,[0.068 0.086 0.049 0.04  0.039 0.041 0.094 0.064 0.048]
0,9,5,50,FALSE,None,10,0.1,0.2,FALSE,None,[0.012 0.016 1.249 1.609 1.331 1.392 2.13  1.519 1.584]
1,9,3.1,0,TRUE,17242.729,10,0.1,0.2,TRUE,46.2656175,[0.051 0.053 0.069 0.062 0.092 0.091 0.048 0.046 0.06 ]
1,9,3.2,0,TRUE,17775.096,10,0.1,0.2,FALSE,35.7517516,[0.054 0.049 0.071 0.058 0.093 0.086 0.046 0.036 0.056]
2,9,0,1,FALSE,None,10,0.1,0.2,TRUE,None,
2,9,3.2,0,TRUE,14749.364,10,0.1,0.2,FALSE,37.5401264,[0.05  0.046 0.053 0.03  0.047 0.093 0.058 0.057 0.055]
3,9,2.9,0,TRUE,10517.56,10,0.1,0.2,TRUE,60.6439724,[0.073 0.094 0.068 0.045 0.061 0.076 0.037 0.051 0.056]
3,9,2.8,0,TRUE,10542.287,10,0.1,0.2,FALSE,32.6649362,[0.081 0.096 0.068 0.048 0.074 0.086 0.043 0.056 0.064]
4,9,0,1,FALSE,None,10,0.1,0.2,TRUE,None,
4,9,3.2,0,TRUE,15441.271,10,0.1,0.2,FALSE,33.0872351,[0.06  0.039 0.039 0.079 0.056 0.043 0.056 0.026 0.092]
5,9,0,1,FALSE,None,10,0.1,0.2,TRUE,None,
5,9,2.9,0,TRUE,11600.26,10,0.1,0.2,FALSE,27.9274677,[0.047 0.035 0.08  0.087 0.098 0.059 0.045 0.077 0.054]
6,9,3.1,0,TRUE,15483.358,10,0.1,0.2,TRUE,73.2640854,[0.098 0.041 0.057 0.067 0.036 0.09  0.05  0.062 0.038]
6,9,5,42,FALSE,None,10,0.1,0.2,FALSE,None,[1.431 1.432 1.461 1.899 1.566 1.802 1.577 1.705 1.38 ]
7,9,0,1,FALSE,None,10,0.1,0.2,TRUE,None,
7,9,5,47,FALSE,None,10,0.1,0.2,FALSE,None,[1.378 1.658 1.334 1.628 1.358 1.609 1.802 1.63  1.311]
8,9,3,0,TRUE,13644.594,10,0.1,0.2,TRUE,54.043574,[0.069 0.055 0.053 0.086 0.027 0.045 0.092 0.09  0.015]
8,9,3,0,TRUE,13828.166,10,0.1,0.2,FALSE,28.8802907,[0.069 0.057 0.052 0.089 0.027 0.045 0.095 0.096 0.016]
9,9,0,1,FALSE,None,10,0.1,0.2,TRUE,None,
9,9,2.8,0,TRUE,9403.497,10,0.1,0.2,FALSE,22.4133148,[0.091 0.093 0.062 0.054 0.062 0.091 0.018 0.024 0.06 ]
10,9,3.1,0,TRUE,15681.951,10,0.1,0.2,TRUE,75.7470501,[0.045 0.037 0.092 0.094 0.068 0.046 0.048 0.062 0.034]
10,9,3.1,0,TRUE,15882.005,10,0.1,0.2,FALSE,31.6250131,[0.047 0.044 0.093 0.099 0.073 0.046 0.049 0.064 0.034]
11,9,2,1,FALSE,None,10,0.1,0.2,TRUE,None,
11,9,3,0,TRUE,12512.643,10,0.1,0.2,FALSE,52.8959092,[0.049 0.044 0.075 0.038 0.094 0.039 0.064 0.065 0.075]
12,9,0,1,FALSE,None,10,0.1,0.2,TRUE,None,
12,9,2.8,0,TRUE,10067.173,10,0.1,0.2,FALSE,31.339107,[0.092 0.071 0.068 0.085 0.041 0.095 0.04  0.046 0.061]
13,9,0,1,FALSE,None,10,0.1,0.2,TRUE,None,
13,9,5,50,FALSE,None,10,0.1,0.2,FALSE,None,[0.006 0.009 0.007 1.633 1.868 1.609 2.056 1.268 1.467]
14,9,3,0,TRUE,12875.711,10,0.1,0.2,TRUE,91.7612255,[0.066 0.08  0.097 0.02  0.077 0.039 0.057 0.039 0.064]
14,9,5,45,FALSE,None,10,0.1,0.2,FALSE,None,[1.593 1.511 1.017 1.754 1.602 1.551 1.594 1.671 1.579]
15,9,3.2,0,TRUE,14585.33,10,0.1,0.2,TRUE,82.4434809,[0.056 0.1   0.019 0.055 0.048 0.056 0.069 0.013 0.046]
15,9,5,43,FALSE,None,10,0.1,0.2,FALSE,None,[0.01  0.013 1.488 1.668 1.227 0.786 1.51  1.301 1.625]
16,9,2.7,0,TRUE,8442.803,10,0.1,0.2,TRUE,56.8056968,[0.074 0.084 0.052 0.057 0.076 0.051 0.085 0.065 0.094]
16,9,3.1,0,TRUE,8481.632,10,0.1,0.2,FALSE,49.4189774,[0.045 0.058 0.036 0.031 0.033 0.035 0.063 0.044 0.094]
17,9,0,1,FALSE,None,10,0.1,0.2,TRUE,None,
17,9,3.5,0,TRUE,21525.303,10,0.1,0.2,FALSE,45.4687323,[0.031 0.051 0.048 0.097 0.049 0.044 0.031 0.025 0.052]
18,9,2.9,0,TRUE,9146.446,10,0.1,0.2,TRUE,81.6651418,[0.091 0.048 0.065 0.091 0.028 0.072 0.054 0.05  0.047]
18,9,5,50,FALSE,None,10,0.1,0.2,FALSE,None,[0.008 1.591 1.905 1.426 1.463 1.612 1.398 1.529 1.332]
19,9,3.1,0,TRUE,14938.678,10,0.1,0.2,TRUE,63.6409483,[0.096 0.048 0.052 0.062 0.062 0.047 0.022 0.085 0.052]
19,9,3.1,0,TRUE,15006.606,10,0.1,0.2,FALSE,49.5333285,[0.096 0.048 0.043 0.064 0.065 0.048 0.022 0.092 0.052]
20,9,0,1,FALSE,None,10,0.1,0.2,TRUE,None,
20,9,5,42,FALSE,None,10,0.1,0.2,FALSE,None,[0.006 0.005 0.011 1.632 1.462 1.171 2.338 1.522 1.612]
21,9,0,1,FALSE,None,10,0.1,0.2,TRUE,None,
21,9,3.6,0,TRUE,15625.988,10,0.1,0.2,FALSE,91.0835872,[0.017 0.041 0.013 0.009 0.014 0.048 0.096 0.054 0.031]
22,9,0,1,FALSE,None,10,0.1,0.2,TRUE,None,
22,9,5,48,FALSE,None,10,0.1,0.2,FALSE,None,[0.013 2.127 1.574 1.738 1.284 1.715 1.526 1.226 1.522]
23,9,0,1,FALSE,None,10,0.1,0.2,TRUE,None,
23,9,5,50,FALSE,None,10,0.1,0.2,FALSE,None,[1.279 0.646 1.418 1.628 1.447 1.463 2.261 1.449 1.404]
24,9,3,0,TRUE,11720.17,10,0.1,0.2,TRUE,72.1520597,[0.02  0.023 0.072 0.047 0.078 0.092 0.066 0.058 0.034]
24,9,3,0,TRUE,11855.873,10,0.1,0.2,FALSE,38.2896768,[0.017 0.025 0.073 0.049 0.08  0.099 0.068 0.059 0.035]
25,9,0,1,FALSE,None,10,0.1,0.2,TRUE,None,
25,9,2.8,0,TRUE,11125.193,10,0.1,0.2,FALSE,35.9313886,[0.048 0.076 0.052 0.094 0.041 0.094 0.071 0.082 0.074]
26,9,0,1,FALSE,None,10,0.1,0.2,TRUE,None,
26,9,5,50,FALSE,None,10,0.1,0.2,FALSE,None,[0.008 1.379 1.452 1.72  1.124 1.737 0.766 1.457 1.585]
27,9,0,1,FALSE,None,10,0.1,0.2,TRUE,None,
27,9,5,48,FALSE,None,10,0.1,0.2,FALSE,None,[0.017 1.677 1.817 1.577 1.574 1.248 1.623 1.445 0.867]
28,9,3.2,0,TRUE,11055.201,10,0.1,0.2,TRUE,55.7202724,[0.05  0.022 0.014 0.046 0.032 0.012 0.094 0.031 0.064]
28,9,3.3,0,TRUE,11345.191,10,0.1,0.2,FALSE,36.2637373,[0.045 0.02  0.012 0.041 0.03  0.011 0.095 0.028 0.059]
29,9,0,1,FALSE,None,10,0.1,0.2,TRUE,None,
29,9,3.6,0,TRUE,14738.549,10,0.1,0.2,FALSE,76.9525246,[0.039 0.067 0.05  0.022 0.043 0.028 0.092 0.044 0.006]
0,10,2.8,1,FALSE,None,10,0.1,0.1,TRUE,None,
0,10,3.2,0,TRUE,10729.859,10,0.1,0.1,FALSE,20.2412811,[0.022 0.041 0.013 0.035 0.053 0.098 0.028 0.056 0.011 0.022]
1,10,3.1,0,TRUE,11914.474,10,0.1,0.1,TRUE,46.2354217,[0.045 0.062 0.034 0.024 0.095 0.027 0.03  0.05  0.052 0.055]
1,10,3.2,0,TRUE,12128.305,10,0.1,0.1,FALSE,29.033534,[0.04  0.059 0.039 0.014 0.093 0.025 0.027 0.046 0.048 0.05 ]
2,10,2.8,0,TRUE,12157.554,10,0.1,0.1,TRUE,85.9459499,[0.057 0.059 0.085 0.056 0.095 0.016 0.086 0.065 0.042 0.093]
2,10,2.9,0,TRUE,12303.309,10,0.1,0.1,FALSE,31.228287,[0.053 0.051 0.081 0.044 0.098 0.019 0.084 0.059 0.038 0.087]
3,10,3.1,0,TRUE,13819.778,10,0.1,0.1,TRUE,50.060773,[0.091 0.076 0.063 0.057 0.036 0.071 0.026 0.035 0.036 0.034]
3,10,3.1,0,TRUE,13885.791,10,0.1,0.1,FALSE,23.6966764,[0.091 0.078 0.064 0.059 0.036 0.072 0.026 0.035 0.036 0.034]
4,10,3,0,TRUE,11375.699,10,0.1,0.1,TRUE,42.4321933,[0.016 0.049 0.02  0.026 0.068 0.022 0.051 0.096 0.053 0.088]
4,10,3.1,0,TRUE,11590.232,10,0.1,0.1,FALSE,23.4828036,[0.015 0.047 0.018 0.024 0.064 0.02  0.047 0.094 0.049 0.08 ]
5,10,0,1,FALSE,None,10,0.1,0.1,TRUE,None,
5,10,3.5,0,TRUE,18917.819,10,0.1,0.1,FALSE,32.9973399,[0.051 0.019 0.035 0.026 0.036 0.092 0.04  0.028 0.027 0.057]
6,10,0,1,FALSE,None,10,0.1,0.1,TRUE,None,
6,10,3,0,TRUE,13364.777,10,0.1,0.1,FALSE,20.8636971,[0.011 0.088 0.077 0.042 0.055 0.049 0.006 0.082 0.043 0.097]
7,10,2.9,0,TRUE,9499.288,10,0.1,0.1,TRUE,40.9740518,[0.054 0.038 0.072 0.022 0.05  0.029 0.097 0.041 0.076 0.04 ]
7,10,3,0,TRUE,9674.714,10,0.1,0.1,FALSE,24.1759642,[0.049 0.035 0.068 0.019 0.046 0.026 0.096 0.037 0.07  0.037]
8,10,3,0,TRUE,17930.112,10,0.1,0.1,TRUE,41.2841004,[0.075 0.08  0.052 0.092 0.088 0.032 0.077 0.016 0.094 0.057]
8,10,3,0,TRUE,18292.774,10,0.1,0.1,FALSE,21.8780581,[0.077 0.077 0.053 0.096 0.093 0.032 0.08  0.016 0.098 0.058]
9,10,0,1,FALSE,None,10,0.1,0.1,TRUE,None,
9,10,5,50,FALSE,None,10,0.1,0.1,FALSE,None,[0.008 0.008 0.005 0.015 1.903 1.498 1.625 1.351 1.376 1.295]
10,10,3,0,TRUE,11322.535,10,0.1,0.1,TRUE,53.7408726,[0.052 0.045 0.091 0.069 0.093 0.05  0.038 0.058 0.066 0.011]
10,10,3,0,TRUE,11302,10,0.1,0.1,FALSE,18.5044149,[0.051 0.047 0.095 0.044 0.062 0.05  0.038 0.059 0.068 0.011]
11,10,0,1,FALSE,None,10,0.1,0.1,TRUE,None,
11,10,3.3,0,TRUE,13145.439,10,0.1,0.1,FALSE,24.2841413,[0.092 0.037 0.042 0.043 0.075 0.035 0.022 0.026 0.022 0.019]
12,10,0,1,FALSE,None,10,0.1,0.1,TRUE,None,
12,10,5,50,FALSE,None,10,0.1,0.1,FALSE,None,[0.005 0.006 0.016 0.007 0.012 1.266 1.325 1.436 1.478 2.068]
13,10,3,0,TRUE,13533.976,10,0.1,0.1,TRUE,70.0922882,[0.067 0.044 0.04  0.094 0.09  0.069 0.04  0.045 0.056 0.051]
13,10,3,0,TRUE,13723.391,10,0.1,0.1,FALSE,35.6683331,[0.061 0.04  0.044 0.1   0.087 0.072 0.041 0.046 0.056 0.051]
14,10,0,1,FALSE,None,10,0.1,0.1,TRUE,None,
14,10,3,0,TRUE,11125.876,10,0.1,0.1,FALSE,24.0981705,[0.035 0.084 0.029 0.01  0.094 0.068 0.023 0.084 0.035 0.017]
15,10,2.7,0,TRUE,6376.826,10,0.1,0.1,TRUE,63.2123376,[0.052 0.098 0.037 0.088 0.048 0.061 0.025 0.018 0.029 0.045]
15,10,2.8,0,TRUE,6401.142,10,0.1,0.1,FALSE,20.5182664,[0.045 0.092 0.032 0.085 0.042 0.055 0.023 0.016 0.029 0.041]
16,10,2.6,0,TRUE,7905.364,10,0.1,0.1,TRUE,39.8256517,[0.092 0.03  0.069 0.065 0.095 0.072 0.066 0.086 0.039 0.051]
16,10,2.6,0,TRUE,7964.04,10,0.1,0.1,FALSE,22.2342832,[0.092 0.036 0.069 0.067 0.099 0.075 0.066 0.087 0.039 0.051]
17,10,0,1,FALSE,None,10,0.1,0.1,TRUE,None,
17,10,2.9,0,TRUE,13061.719,10,0.1,0.1,FALSE,20.016337,[0.088 0.091 0.058 0.052 0.074 0.058 0.031 0.057 0.083 0.063]
18,10,3.2,0,TRUE,12576.117,10,0.1,0.1,TRUE,49.6738608,[0.041 0.094 0.028 0.024 0.052 0.047 0.049 0.033 0.037 0.044]
18,10,3.3,0,TRUE,12808.741,10,0.1,0.1,FALSE,45.3006069,[0.038 0.092 0.026 0.023 0.039 0.046 0.046 0.03  0.034 0.04 ]
19,10,2.8,0,TRUE,8456.759,10,0.1,0.1,TRUE,50.4885168,[0.071 0.031 0.064 0.043 0.056 0.097 0.041 0.05  0.052 0.07 ]
19,10,2.9,0,TRUE,8522.011,10,0.1,0.1,FALSE,21.8336046,[0.065 0.027 0.049 0.035 0.051 0.093 0.037 0.046 0.047 0.065]
20,10,3.3,0,TRUE,18994.167,10,0.1,0.1,TRUE,65.0449467,[0.034 0.066 0.036 0.036 0.024 0.023 0.063 0.045 0.1   0.072]
20,10,3.4,0,TRUE,19502.57,10,0.1,0.1,FALSE,33.0685859,[0.032 0.044 0.04  0.026 0.024 0.021 0.061 0.041 0.099 0.069]
21,10,2.9,0,TRUE,14065.27,10,0.1,0.1,TRUE,36.0491863,[0.05  0.081 0.098 0.062 0.045 0.084 0.082 0.028 0.071 0.052]
21,10,3,0,TRUE,14257.12,10,0.1,0.1,FALSE,26.2965748,[0.045 0.079 0.094 0.058 0.041 0.077 0.077 0.025 0.065 0.047]
22,10,2.7,0,TRUE,8210.982,10,0.1,0.1,TRUE,31.6570387,[0.036 0.098 0.096 0.076 0.033 0.052 0.034 0.057 0.072 0.038]
22,10,2.7,0,TRUE,8266.694,10,0.1,0.1,FALSE,17.3581245,[0.036 0.1   0.099 0.078 0.033 0.055 0.033 0.057 0.074 0.038]
23,10,2.7,0,TRUE,7953.481,10,0.1,0.1,TRUE,36.2119528,[0.064 0.092 0.04  0.062 0.051 0.032 0.053 0.084 0.077 0.046]
23,10,2.7,0,TRUE,7963.18,10,0.1,0.1,FALSE,21.453625,[0.065 0.093 0.04  0.062 0.051 0.032 0.053 0.086 0.077 0.046]
24,10,0,1,FALSE,None,10,0.1,0.1,TRUE,None,
24,10,3.1,0,TRUE,14095.607,10,0.1,0.1,FALSE,24.083789,[0.037 0.071 0.043 0.019 0.055 0.082 0.049 0.027 0.047 0.098]
25,10,0,1,FALSE,None,10,0.1,0.1,TRUE,None,
25,10,3.5,0,TRUE,21929.315,10,0.1,0.1,FALSE,27.3940157,[0.077 0.028 0.042 0.026 0.026 0.023 0.047 0.032 0.093 0.042]
26,10,2.9,0,TRUE,15148.562,10,0.1,0.1,TRUE,51.3089413,[0.098 0.048 0.077 0.081 0.055 0.088 0.034 0.011 0.088 0.089]
26,10,2.9,0,TRUE,15316.574,10,0.1,0.1,FALSE,22.0430964,[0.098 0.051 0.083 0.072 0.055 0.092 0.034 0.011 0.092 0.091]
27,10,3,0,TRUE,9666.962,10,0.1,0.1,TRUE,89.4963321,[0.097 0.053 0.029 0.044 0.026 0.064 0.044 0.053 0.031 0.057]
27,10,3,0,TRUE,9696.562,10,0.1,0.1,FALSE,22.6047171,[0.096 0.044 0.024 0.035 0.033 0.064 0.044 0.054 0.031 0.06 ]
28,10,0,1,FALSE,None,10,0.1,0.1,TRUE,None,
28,10,3.1,0,TRUE,10108.947,10,0.1,0.1,FALSE,28.8812608,[0.064 0.098 0.034 0.051 0.037 0.026 0.049 0.027 0.018 0.029]
29,10,2.9,0,TRUE,9591.511,10,0.1,0.1,TRUE,43.1971457,[0.066 0.062 0.095 0.022 0.065 0.006 0.027 0.045 0.061 0.059]
29,10,2.9,0,TRUE,9674.549,10,0.1,0.1,FALSE,22.5851991,[0.066 0.063 0.1   0.021 0.066 0.006 0.03  0.045 0.062 0.06 ]
